file	exported_at	dream_cycle	node_count	edge_count	max_content_chars
snapshot_0015666_20260728T085550Z.json	2026-07-28 08:55:50	15666	49	0	153
snapshot_0015675_20260728T132456Z.json	2026-07-28 13:24:56	15675	53	36	500
snapshot_0015689_20260728T212609Z.json	2026-07-28 21:26:09	15689	53	78	500
snapshot_0015721_20260729T144214Z.json	2026-07-29 14:42:14	15721	49	108	153
snapshot_0015749_20260730T100518Z.json	2026-07-30 10:05:18	15749	50	74	500
snapshot_0015793_20260731T103601Z.json	2026-07-31 10:36:01	15793	49	89	153
snapshot_0015836_20260801T102541Z.json	2026-08-01 10:25:41	15836	49	18	153
snapshot_0015879_20260802T103142Z.json	2026-08-02 10:31:42	15879	51	5	500
snapshot_0015920_20260803T102941Z.json	2026-08-03 10:29:41	15920	51	2	500
snapshot_0015959_20260804T101236Z.json	2026-08-04 10:12:36	15959	50	1	153
snapshot_0016003_20260805T103110Z.json	2026-08-05 10:31:10	16003	50	1	153
snapshot_0016302_20260811T181808Z.json	2026-08-11 18:18:08	16302	55	7	500
snapshot_0016323_20260812T103002Z.json	2026-08-12 10:30:01	16323	54	5	500
snapshot_0016351_20260813T103002Z.json	2026-08-13 10:30:02	16351	52	4	153
snapshot_0016380_20260814T103001Z.json	2026-08-14 10:30:01	16380	53	5	153
snapshot_0016410_20260815T103001Z.json	2026-08-15 10:30:01	16410	54	6	500
snapshot_0016440_20260816T103001Z.json	2026-08-16 10:30:01	16440	54	6	500
snapshot_0016465_20260817T103001Z.json	2026-08-17 10:30:01	16465	51	3	153
snapshot_0016504_20260818T103001Z.json	2026-08-18 10:30:01	16504	51	2	153
snapshot_0016561_20260819T103001Z.json	2026-08-19 10:30:01	16561	53	4	360
snapshot_0016600_20260820T103002Z.json	2026-08-20 10:30:02	16600	55	8	500
snapshot_0016635_20260821T103001Z.json	2026-08-21 10:30:01	16635	51	6	153
snapshot_0016647_20260821T185410Z.json	2026-08-21 18:54:10	16647	52	6	153
snapshot_0016669_20260822T103001Z.json	2026-08-22 10:30:01	16669	52	5	500
snapshot_0016702_20260823T103001Z.json	2026-08-23 10:30:01	16702	53	4	512
